Size (px),Average Time (ms)
32,0.874093
64,0.598339
128,0.735302
256,1.637462
512,4.460128
1024,14.682139
2048,41.989246
4096,156.572922
8192,611.884338
